"Student Number",Name,Email,Phone,"No questions","pain module",result,"day 2","exam date day 1","exam date day 2","day 2","exam date day 2","day 2","Cert Issued","Cert Issued","Resit y/n","Passed re sit Y","Exam date","UK Cert",Handling,"1st am","1st pm","2nd am","2nd pm","Wildlife  am","Wildlife  pm",Paid,"Invoice Number","Large animal sent ",Rodent/aquatic,"emailed result"
1,"Brian Nowlan",briannwdlan@ymail.com,0857064456,,,22www,2,r,r,,,,,,,,Yes
2,"Peter Nowlan",pnowlan@tcd.ie,087,,,10,200,090,40,,,,,,,,No
3,dsds,d,0857575757,,,0,0,0,0,,,,,,,,No
4,dsds,w@ymail.com,0857575757,,,0,0,0,0,,,,,,,,No
5,Brian,briannowlan@ymail.com,323232,,,90,60,55,99,,,,,,,,Yes
6,BMKN,brian.nowlan@swiftqueue.com,ddd,,,0,0,0,0,,,,,,,,No
7,dsdsdsd,nesujymak@mailinator.com,729,,,0,0,0,0,,,,,,,,No
8,"Maia Mccall",podeh@mailinator.com,766,,,0,0,0,0,,,,,,,,No
9,"Kylan Horton",lanop@mailinator.com,51,,,0,0,0,0,,,,,,,,No
10,"Keane Hyde",baxe@mailinator.com,319,,,0,0,0,0,,,,,,,,No
11,"Drew Grimes",rahar@mailinator.com,91,,,0,0,0,0,,,,,,,,No
12,eeeee,briannoweeelan@ymail.com,eee,,,0,0,0,0,,,,,,,,No
13,eeeee,briannowewwwweelan@ymail.com,eee,,,0,0,0,0,,,,,,,,No
14,"Karly Daugherty",tuvityk@mailinator.com,289,,,0,0,0,0,,,,,,,,No
15,"Karly Daugherty",tuvityk@mailieeeeenator.com,289,,,0,0,0,0,,,,,,,,No
16,"Vernon Reed",falego@mailinator.com,663,,,0,0,0,0,,,,,,,,No
18,"Tyler Cash",pabym@mailinator.com,218,,,0,0,0,0,,,,,,,,No
19,"Belle Molina",sajiqunyk@mailinator.com,384,,,0,0,0,0,,,,,,,,No
20,"Yasir Haney",basig@mailinator.com,872,,,0,0,0,0,,,,,,,,No
21,"Lois Mcbride",sipux@mailinator.com,840,,,0,0,0,0,,,,,,,,No
22,"Xyla Powers",cybihiju@mailinator.com,527,,,0,0,0,0,,,,,,,,No
23,"Ariel Gentry",ceceg@mailinator.com,699,,,0,0,0,0,,,,,,,,No
24,"Ariel Gentry",ceceg@sss.com,699,,,0,0,0,0,,,,,,,,No
25,"Ariel Gentry",cewwceg@sss.com,699,,,0,0,0,0,,,,,,,,No
26,"Ariel Gentry",cewwwceg@sss.com,699,,,0,0,0,0,,,,,,,,No
27,"Tatiana Griffin3",xadu@mailinator.com,171,,,0,0,0,0,,,,,,,,No
28,"Tatiana Griffin3",xadsu@mailinator.com,171,,,0,0,0,0,,,,,,,,No
29,"Hilary Farrell",coxij@mailinator.com,927,,,0,0,0,0,,,,,,,,No
30,"Hilary Farrell",csoxij@mailinator.com,927,,,0,0,0,0,,,,,,,,No
31,"Hilary Farrell",csoxij@mailiwnator.com,927,,,0,0,0,0,,,,,,,,No
32,"Hilary Farrell",csoxij@meailiwnator.com,927,,,0,0,0,0,,,,,,,,No
33,"Hilary Farrell",csoxij@meailiwwnator.com,927,,,0,0,0,0,,,,,,,,No
34,"Hilary Farrell",csoxij@mewailiwwnator.com,927,,,0,0,0,0,,,,,,,,No
35,"Hilary Farrell",csoxij@mewaileiwwnator.com,927,,,0,0,0,0,,,,,,,,No
36,"Hilary Farrell",csoxij@mewwaileiwwnator.com,927,,,0,0,0,0,,,,,,,,No
37,"Hilary Farrell",csoxij@meewwaileiwwnator.com,927,,,0,0,0,0,,,,,,,,No
38,"Hilary Farrell",csoxij@meewwaeileiwwnator.com,927,,,0,0,0,0,,,,,,,,No
39,"Hilary Farrell",csoxij@mdeewwaeileiwwnator.com,927,,,0,0,0,0,,,,,,,,No
40,"Amal Beard",pyqo@mailinator.com,706,,,0,0,0,0,,,,,,,,No
41,"Ashton Hood",nyroga@mailinator.com,532,,,0,0,0,0,,,,,,,,No
42,"Rinah Mueller",mokesiba@mailinator.com,492,,,0,0,0,0,,,,,,,,No
43,"Rinah Mueller",moksesiba@mailinator.com,492,,,0,0,0,0,,,,,,,,No
44,"Cadman Beard",zumuvar@mailinator.com,672,,,0,0,0,0,,,,,,,,No
45,"Eugenia Oliver",huwar@mailinator.com,354,,,0,0,0,0,,,,,,,,No
